Dealer Name,Address,Phone,Fax,City Name,Province Name,Tradein,Charging Station,TOSS
AUTO2000 Basuki Rachmat,"Jl. Basuki Rachmat 115-117, Surabaya, 60271",(031) 5452000 (Hunting),(031) 5342060,Surabaya,JAWA TIMUR,Available,Not Available,Available
AUTO2000 A. Yani,"Jl. Jend. Ahmad Yani No. 210, Surabaya 60235",(031) 8282000 (Hunting),(031) 8287656,Surabaya,JAWA TIMUR,Available,Not Available,Available
AUTO2000 Pecindilan,"Jl. Pecindilan 42, Surabaya 60273",(031) 3762000 (Hunting),(031) 3770136,Surabaya,JAWA TIMUR,Available,Not Available,Available
AUTO2000 Waru (DYNA OUTLET),"Jl. Raya Waru Km. 15, Surabaya 61256",(031) 8532000 (Hunting),(031) 8532575,Surabaya,JAWA TIMUR,Available,Not Available,Available
AUTO2000 Jemur Sari,"Jl. Raya Jemur Sari No. 215, Surabaya 60292",(031) 8492000 (Hunting)/ 8420077,(031) 8420079,Surabaya,JAWA TIMUR,Available,Not Available,Available
AUTO2000 Kertajaya,Jl. Kertajaya Indah Timur No 35 Surabaya 60116,(031) 5952000 (Hunting),(031) 5931881,Surabaya,JAWA TIMUR,Available,Available,Available
AUTO2000 Kenjeran,"Jl. Raya Kenjeran 522 -- 524, Kalijudan, Surabaya",(031) 3822000 (Hunting),(031) 3823737,Surabaya,JAWA TIMUR,Available,Not Available,Available
AUTO2000 Wiyung,"Jl. Lidah Wetan No.27 RT 001/ RW 04, Kelurahan Lidah Wetan. Kecamatan Lakarsantri",(031) 7522000,(031) 51160111,Surabaya,JAWA TIMUR,Available,Not Available,Available
Liek Motor Walikota,"Jl. Walikota Mustajab 2-4 , Surabaya 60272","(031) 5319393, 5325353, 5324444",(031) 5352976,Surabaya,JAWA TIMUR,Available,Not Available,Not Available
Liek Motor Indrapura,"Jl. Indrapura 47 - 49A, Surabaya 60175",(031) 3538999 (Hunting),(031) 3554767,Surabaya,JAWA TIMUR,Available,Available,Not Available
AUTO2000 HR Mohammad,"Jalan HR Mohammad No. 73, Surabaya",031-7312000,031-7314000,Surabaya,JAWA TIMUR,Available,Available,Available
Auto2000 Waru II,,,,Surabaya,JAWA TIMUR,Not Available,Not Available,Available
Asri Motor,"Jl. Jenggolo No. 52, Sidoarjo 61219","(031) 8942000 (Hunting), 8941403",(031) 8921904,Sidoarjo,JAWA TIMUR,Available,Not Available,Available
Asri Motor Taman,"Jl. Raya Taman 147, Sepanjang Taman, Sidoarjo",(031 ) 7872000,(031) 7878888,Sidoarjo,JAWA TIMUR,Available,Not Available,Available
Asri Motor BP,"Jl. Stadion No. 146 - 147 Kemiri, Kab. Sidoarjo",(031) 99715737,,Sidoarjo,JAWA TIMUR,Not Available,Not Available,Available
AUTO2000 Ciledug (BP),"Jl. H. A. Malik Pesanggrahan Deplu Raya,Jakarta 12270","(021) 7352000, 7351376",(021) 7351001,Tangerang,BANTEN,Not Available,Not Available,Available
AUTO2000 Bintaro Jaya,"Jl. M.H. Thamrin Blok B2/2, Sektor VII, Pusat Kawasan Niaga Bintaro Jaya 15224","(021) 7452000 (Hunting), 7454229",(021) 7454240,Tangerang,BANTEN,Available,Available,Available
AUTO2000 Bumi Serpong Damai,"2A Perum, Jl. Komp. Bsd Jl. Pahlawan Seribu No.2, Lengkong Gudang, Kec. Serpong, Kota Tangerang Selatan, Banten 15318",(021) 5382000,"(021) 5379755, 5379759",Tangerang,BANTEN,Available,Not Available,Available
AUTO2000 Pondok Jagung,"Jl. Raya Serpong Km. 7, Pondok Jagung - Tangerang 15310",(021) 5395656,(021) 5395655,Tangerang,BANTEN,Not Available,Not Available,Available
AUTO2000 Alam Sutera,"Jl. Jalur Sutera Kav. 3A Alam Sutera - Serpong, Tangerang",(021) 29662000,(021) 29661414,Tangerang,BANTEN,Available,Available,Available
AUTO2000 Tangerang,"Area Bisnis Park Tangerang City Jl. Jend. Sudirman, Babakan, Tangerang 15118",(021) 55732000,(021) 29239696,Tangerang,BANTEN,Available,Available,Available
Tunas Toyota Tangerang,"Jl. Merdeka No.80, Cimone, Tangerang 15114",(021) 5524986 (Hunting),(021) 5523134,Tangerang,BANTEN,Available,Not Available,Available
Tunas Toyota Ciputat,"Jl. Dewi Sartika 187, Ciputat, Tangerang Selatan 15411",(021) 7490724-26,(021) 7491679,Tangerang,BANTEN,Available,Not Available,Available
Astrido Toyota Tangerang,"Jl. Daan Mogot km 22,5,Tanah Tinggi, Tangerang 15119","(021) 5526690, 5526531",(021) 5530381,Tangerang,BANTEN,Available,Not Available,Available
Astrido Toyota Karawaci,"Jl. Raya Imam Bonjol No.1 Rt. 002/06, Panunggangan Barat, Karawaci, Tangerang 15115",(021) 5573-3999,(021) 5584001,Tangerang,BANTEN,Available,Available,Available
Astrido Toyota Pondok Cabe,"Jl. Pondok Cabe Raya Blok CA No. 1 Pisangan Ciputat, Tangerang",(021) 7410888,(021) 7445654,Tangerang,BANTEN,Available,Not Available,Available
Plaza Toyota Serpong,"Jl. Raya Boulevard M5/11, Gading Serpong, Kelapa Dua,Tangerang",(021) 29001090,(021) 29001091,Tangerang,BANTEN,Available,Available,Not Available
AUTO2000 BSD City,"Jl. Kavling Commercial Park Barat Lot I. 11, Kav. E, BSD, Tangerang Selatan, Tangerang, Banten",(021) 30062000,(021) 30062001,Tangerang,BANTEN,Available,Available,Available
AUTO2000 Pasar Kemis,"Jl. Raya Pasar Kemis Km. 5,8 No. 1, Kp. Cilongok, Kel. Sukamantri, Kec. Pasar Kemis, Kab. Tangerang",(021) 22292000,(021) 22359930,Tangerang,BANTEN,Available,Not Available,Available
Tunas Toyota Cipondoh,"Jl. KH. Hasyim Ashari No. 11 RT. 02/01, Kel. Neroktok, Kec. Pinang, Kota Tangerang",(021) 55711992,(021) 55712976,Tangerang,BANTEN,Available,Not Available,Available
Tunas Toyota Balaraja,"Jl. Raya Serang Km. 24, Kel. Balaraja, Kec. Balaraja, Kab. Tangerang",(021) 59574999,(021) 59574240,Tangerang,BANTEN,Available,Not Available,Available
Astrido Toyota Bitung,"Jl. Raya Serang No. 88, KM 11,5 Kp. Kadu, Kelurahan Bunder, Kecamatan Cikupa, Kab. Tangerang, Banten","(021) 22200111, 22200080",(021) 22921103,Tangerang,BANTEN,Available,Not Available,Available
Setiajaya Pamulang,Jl. Siliwangi Rata No 2. Pondok Benda Pamulang 15416,,,Tangerang,BANTEN,Not Available,Available,Not Available
Sutan Indo Aneka Mobil,"Jl. Medan Km. 2,8 Pematang Siantar",(0622) 432000 (Hunting),"(0622) 435101, 24267",Pematang Siantar,SUMATERA UTARA,Available,Not Available,Not Available
AUTO2000 Serang,"Jl. Raya Pandeglang Km 6,5 (Palempat) Kampung Kramat RT 5 RW 2 Desa Sukajaya, Kec. Curug, Kotamadya Serang",(0254) 8242000,(0254) 8487007,Serang,BANTEN,Available,Not Available,Available
Tunas Toyota Serang,Jl. Jend. Sudirman No. 1A Serang - Banten 42118,"(0254) 217010, 223712",(0254) 215191,Serang,BANTEN,Available,Not Available,Available
AUTO2000 Cikarang,"Jl. M.H Thamrin Kav. 168, Lippo Cikarang 17550",(021) 89902000 (Hunting) 89900542,(021) 89903757,Bekasi,JAWA BARAT,Available,Not Available,Available
AUTO2000 Bekasi Timur,"Jl. Diponegoro 38, Bekasi Timur 17510",(021) 8802000 (Hunting),(021) 88349065,Bekasi,JAWA BARAT,Available,Available,Available
AUTO2000 Bekasi Barat,"Jl. Siliwangi RT 003/009, Sepanjang Jaya, Rawa Lumbu, Bekasi Barat 17510",(021) 82422000,(021) 8206404,Bekasi,JAWA BARAT,Available,Not Available,Available
Astrido Toyota Bekasi,"Jl. Jend. Sudirman No 10, Bekasi  17143",(021) 8893760,(021) 8854004,Bekasi,JAWA BARAT,Available,Available,Available
Astrido Toyota Pondok Gede,"Jl. Inkopau I,  Pondok Gede, Bekasi, 17414",(021) 8480536,"(021) 8480541, 84994669",Bekasi,JAWA BARAT,Available,Not Available,Available
Tunas Toyota Jatiwaringin,"Jl. Raya Jatiwaringin No 366 - Kel.Jaticempaka - Kec. PD. Gede, Bekasi",(021) 84972000,(021) 84973058,Bekasi,JAWA BARAT,Available,Not Available,Available
Anzon Toyota Tambun,"Jl. Sultan Hasanudin KM.42, No.1 Tambun, Bekasi",(021) 88392000,(021) 88394789,Bekasi,JAWA BARAT,Available,Not Available,Not Available
AUTO2000 Cikarang Utara,"Jl. RE Martadinata RT.001/ RW.007, Desa Cikarang Kota, Kec. Cikarang Utara, Kab. Bekasi",(021) 89072000,(021) 89072080,Bekasi,JAWA BARAT,Available,Not Available,Available
AUTO2000 Jatiasih,"Jl. Raya Jatimekar RT.002 RW.011 Kel. Jatimekar, Kec. Jatiasih, Kota Bekasi 17422",(021) 84982000,(021) 85508889,Bekasi,JAWA BARAT,Available,Not Available,Available
Tunas Toyota Bekasi,"Jl. Perjuangan No. 34 Kel. Marga Mulya, Kec. Bekasi Utara",(021) 89453000,(021) 89457775,Bekasi,JAWA BARAT,Available,Not Available,Available
JD Toyota Jababeka Cikarang,"Jl. Dr. Cipto Mangunkusumo Kav C-2, Jababeka, Cikarang, Kab. Bekasi",(021) 89326000,(021) 89326888,Bekasi,JAWA BARAT,Available,Available,Not Available
Daya Toyota Bekasi,"Jl. H. Noer Ali No. 88, Kel. Jatimulya, Kec. Tambun Selatan, Kab. Bekasi",(021) 80611300,(021) 50820043,Bekasi,JAWA BARAT,Available,Available,Available
Auto2000 Cibitung,,,,Bekasi,JAWA BARAT,Not Available,Not Available,Available
Auto2000 Jatiwarna,,,,Bekasi,JAWA BARAT,Not Available,Not Available,Available
AUTO2000 Tuban,"Jl. Dr. Wahidin Sudiro Husodo, No.16",(0356) 412000,(0356) 333477,Tuban,JAWA TIMUR,Available,Not Available,Available
AUTO2000 Karawang,"Jl. Surokunto No.36, Karawang 41313",(0267) 412000 (Hunting),(0267) 402570,Karawang,JAWA BARAT,Available,Not Available,Available
Astrido Toyota Karawang Barat,"Jl. Interchange Karawang Barat RT. 06 RW. 03. No. 1, Karawang",(0267) 8604000,(0267) 78604330,Karawang,JAWA BARAT,Available,Not Available,Available
AUTO2000 Cikampek,"Jl. Jend. Sudirman, Desa Sarimulya, Kec. Kotabaru, Kab. Karawang",(0267) 8332000,(0267) 8331001,Karawang,JAWA BARAT,Available,Not Available,Available
Dunia Barusa Lhokseumawe,"Jl. Merdeka 76, Lhokseumawe 24319",(0645) 45000 (Hunting),(0645) 43317,Lhokseumawe,ACEH,Available,Not Available,Not Available
Istana Agung,"Jl. Mayor Syafri Rachman No. 86, Bangka",(0717) 437688 (Hunting),(0717) 437687,Pangkal Pinang,KEPULAUAN BANGKA BELITUNG,Available,Not Available,Not Available
AUTO2000 Sisingamangaraja,"Jl. Sisingamangaraja 8, Medan 20217",(061) 7362000 (Hunting),(061) 7362300,Medan,SUMATERA UTARA,Available,Available,Available
AUTO2000 Gatot Subroto,"Jl. Gatot Subroto No. 220, Medan 20217",(061) 8452000 (Hunting),(061) 8461719,Medan,SUMATERA UTARA,Available,Available,Available
AUTO2000 Amplas,"Jl. Sisingamangaraja Km. 9,8 Amplas - Medan 20148",(061) 7852000 (Hunting),(061)7851317,Medan,SUMATERA UTARA,Available,Not Available,Available
AUTO2000 Krakatau,"Jl. Gunung Krakatau No. 22A, Krakatau, Medan",(061) 663-6999,(061) 663-8128,Medan,SUMATERA UTARA,Available,Not Available,Available
AUTO2000 Pancing,Jl. Pancing No. 10 - Medan 20221,(061) 6622000,(061) 6631946,Medan,SUMATERA UTARA,Available,Not Available,Available
Perintis Perkasa,Jl. Jen. Gatot Subroto 130 A-E,"(061) 4553888, 4156556 (Hunting)",(061) 4156556,Medan,SUMATERA UTARA,Available,Not Available,Not Available
Perintis Perkasa Gagak Hitam,"Jl. Gagak Hitam No. 88 BCDEF (Ringroad), Kel- Tj. Rejo, Kec. Medan Sunggal, Medan, Sumatra Utara",(061) 8476188,(061) 8476088,Medan,SUMATERA UTARA,Available,Not Available,Not Available
Perintis Perkasa Flamboyan,"Jl. Flamboyan Raya No.66 Medan, Indonesia",(061) 8369888,(061) 8369777,Medan,SUMATERA UTARA,Available,Not Available,Not Available
Deltamas Surya Indah Mulia,"Jl. Balaikota No. 2A , Medan 20111",(061) 4525555 (Hunting),(061) 4520085,Medan,SUMATERA UTARA,Available,Available,Not Available
AUTO2000 MEDAN MARELAN,"Jl. Titi Pahlawan, Desa Labuhan Deli Kecamatan Medan Marelan Medan Sumatera Utara",061-42732000,061-42068919,Medan,SUMATERA UTARA,Available,Not Available,Available
Deltamas SM Raja,"Jl. Sisingamangaraja No. 8-A, Kec. Medan Amplas, Kota Medan",(061) 7866128,(061) 7876726,Medan,SUMATERA UTARA,Not Available,Available,Not Available
Perintis Perkasa,"Jl. H. Adam Malik No. 11, Medan 20114",(061) 4520595 Hunting,(061) 4513041,Medan,SUMATERA UTARA,Available,Available,Not Available
AUTO2000 Padang,"Jl. Khatib Sulaiman, Ulak Karang, Padang 25135",(0751) 7052000 (Hunting),(0751) 7051396,Padang,SUMATERA BARAT,Available,Not Available,Available
AUTO2000 By Pass Padang,"Jl. Raya Bypass km 12 Air Pacah, Padang - Sumbar",(0751) 498800,(0751) 496464,Padang,SUMATERA BARAT,Available,Not Available,Available
Intercom,"Jl. Purus II No. 8, Padang","(0751) 32557, 33527, 25803",,Padang,SUMATERA BARAT,Available,Not Available,Not Available
Intercom BP,"Jl. Veteran Dalam No. 52, Kel. Padang Pasir, Kec. Padang Barat, Padang 25112","(0751) 8952158, 8957703, 8958733",,Padang,SUMATERA BARAT,Not Available,Not Available,Not Available
Agung Toyota Pekanbaru I (Sutomo),"Jl. Dr. Sutomo No. 13, Pekanbaru 28143",(0761) 22252 (Hunting),(0761) 32352,Pekanbaru,RIAU,Available,Not Available,Not Available
Agung Toyota Pekanbaru II (Soekarno Hatta),"Jl. Soekarno Hatta No. 13 , Arengka, Pekanbaru 28292","(0761) 587342, 572100, 571551",(0761) 572125,Pekanbaru,RIAU,Available,Not Available,Not Available
Agung Toyota Pekanbaru III (S.M. Amin),Jl. S.M. Amin No. 13 - Simpang Baru - Kec. Tampan - Pekanbaru 28293,(0761) 565888,(0761) 565999,Pekanbaru,RIAU,Available,Not Available,Not Available
Agung Toyota Pekanbaru IV (Harapan Raya),"Jl. Imam Munandar No.13Pekanbaru, Riau",(0761) 7873555,(0761) 494687,Pekanbaru,RIAU,Available,Available,Not Available
Agung Toyota Jambi,"Jl. Prof. Dr. Sumantri Brojonegoro 135, Jambi 36129",(0741) 64800 (Hunting),(0741) 62823,Jambi,JAMBI,Available,Not Available,Not Available
Agung Toyota Jambi II (Pal-10),"Jl. Marsda Surya RT 20 Kel. Kenali Asam Bawah Kec. Kotabaru, Jambi",(0741) 591 5544,(0741) 591 5545,Jambi,JAMBI,Available,Available,Not Available
Agung Toyota Bengkulu,"Jl. P. Natadirja No. 103, Bengkulu 38225",(0736) 21127 (Hunting),(0736) 21420,Bengkulu,BENGKULU,Available,Available,Not Available
Agung Toyota Bengkulu BP,"Jl. H. Adam MalikKM 8, Gading Cempaka, Kota Bengkulu",(0736) 5516100,(0736) 5516101,Bengkulu,BENGKULU,Not Available,Available,Not Available
Agung Toyota Batam,"Jl. Yos Sudarso, Bengkong Bengkel, Batu Ampar, Batam 29432",(0778) 427585 (Hunting),(0778) 427589,Batam,KEPULAUAN RIAU,Available,Not Available,Not Available
Agung Toyota Sekupang,Jl. RE Martadinata Sekupang – Kota Batam,(0778) 324588,(0778) 326606,Batam,KEPULAUAN RIAU,Available,Not Available,Not Available
Agung Toyota Batam Center,"Jl. Jenderal Sudirman No. 13, Kel. Taman Baloi, Kec. Batam Kota, Kepulauan Riau",(0778) 4088000,(0788) 4089585,Batam,KEPULAUAN RIAU,Available,Available,Not Available
AUTO2000 Veteran,"Jl. Veteran6857, Palembang 30126",(0711) 352000 (Hunting),(0711) 312000,Palembang,SUMATERA SELATAN,Available,Not Available,Available
AUTO2000 Plaju,"Jl. Jend. A. Yani No.5502, Palembang",(0711) 512000 (Hunting),(0711) 512943,Palembang,SUMATERA SELATAN,Available,Not Available,Available
AUTO2000 Tanjung Api-Api,"Jl. Letjend Harun Soharno No. 168, Tanjung Api-Api Palembang",(0711) 5612000,(0711) 421998,Palembang,SUMATERA SELATAN,Available,Available,Available
Tunas Auto Graha Palembang,Jl. Perintis kemerdekaan No. 8 (depan gudang dolog),"(0711) 718708, 717979 (Hunting)",(0711) 711819,Palembang,SUMATERA SELATAN,Available,Not Available,Not Available
AUTO2000 Supadio Pontianak,"Jl. Arteri Supadio (A. Yani II) Kec. Sungai Raya, Kab. Kubu Raya, Kalimantan Barat",(0561) 732000,(0561) 8123043,Pontianak,KALIMANTAN BARAT,Available,Not Available,Available
Anzon Toyota Pontianak,"Jl. Jend. Achmad Yani No.89 - Pontianak, 78123",(0561) 734280 (Hunting),(0561) 735836,Pontianak,KALIMANTAN BARAT,Available,Not Available,Not Available
Sumber Harapan Tarakan,"Jl. Sudirman No. 102, Tarakan","(0551) 21567, 21678 (Hunting)",(0551) 51489,Tarakan,KALIMANTAN UTARA,Available,Not Available,Not Available
Sumber Harapan Tarakan,"Jl. Mulawarman No.1, Tarakan",(0551) 36678,(0551) 51489,Tarakan,KALIMANTAN UTARA,Available,Not Available,Not Available
AUTO2000 Samarinda,"Jl. Wahid Hasyim, No. 99, Sempaja",(0541) 742000 (Hunting),(0541) 7770968,Samarinda,KALIMANTAN TIMUR,Available,Not Available,Available
Graha Toyota Samarinda,"Jl. P. Antasari No. 22, Samarinda 75124","(0541) 735155, 732184",(0541) 743021,Samarinda,KALIMANTAN TIMUR,Available,Not Available,Available
AUTO2000 Balikpapan Sudirman,"Jl. Jend Sudirman No. 29, Balikpapan 76113",(0542) 732000 (Hunting),(0542) 734011,Balikpapan,KALIMANTAN TIMUR,Available,Available,Available
AUTO2000 Balikpapan BP,Jl. Jend. MT.Haryono Rt.31 No.67 Balikpapan Selatan,(0542) 737200 (Hunting),(0542) 737300,Balikpapan,KALIMANTAN TIMUR,Not Available,Not Available,Available
AUTO2000 Balikpapan MT Haryono,Jl. MT. Haryono No. 188 Balikpapan 76114,(0542) 876800 (Hunting),(0542) 876810,Balikpapan,KALIMANTAN TIMUR,Available,Not Available,Available
Wira Megah Banjarmasin,"Jl. Jen. A. Yani  KM 10 No.10 Rt.2, Kertak Hanyar, Banjar 70233",(0511) 4312000,(0511) 4225000,Banjarmasin,KALIMANTAN SELATAN,Available,Not Available,Not Available
Hasjrat Toyota Palu Durian,"Jl. Durian, Kelurahan Baru, Kecamatan Palu Barat, Kota Palu","(0451) 461900, 460300",(0451) 461789,Palu,SULAWESI TENGAH,Not Available,Not Available,Not Available
Hasjrat Toyota Palu Diponegoro,"Jl. Diponegoro 158, Palu 94221","(0451) 421352, 421823",(0451) 422226,Palu,SULAWESI TENGAH,Available,Not Available,Not Available
Hasjrat Toyota Palu Mutiara,"Jl. Abdul rahman saleh No. 28, Kel. Birobuli utara kec. Palu Selatan 94121 Sulawesi Tengah",(0451) 487600,,Palu,SULAWESI TENGAH,Available,Not Available,Not Available
Kalla Toyota Juanda,"Jl. Ir. H. Juanda 45 , Palu 94112","(0451) 421552, 422072","(0451) 456055, 451717, 423791",Palu,SULAWESI TENGAH,Available,Not Available,Available
Kalla Toyota Martadinata,"Jl. R.E Martadinata 45, Palu , Central Sulawesi",(0451) 4131431,(0451) 4131341,Palu,SULAWESI TENGAH,Available,Not Available,Available
Kalla Toyota Palopo,Jl. Andi Jemma No. 136,(0471) 23816,"(0471) 21484, 22232",Palopo,SULAWESI SELATAN,Available,Not Available,Available
Kalla Toyota Bone,"Jl. Sukawati No.36, Watampone 92732","(0481) 21950, 2000200",(0481) 22311,Bone,SULAWESI SELATAN,Available,Not Available,Available
Hasjrat Toyota Gorontalo Kasuari,"Jl. Cut Nyak Dien, Kel. Haledulaa Utara, Kec. Kota Timur",(0435) 829430,(0435) 826870,Gorontalo,GORONTALO,Not Available,Not Available,Not Available
Hasjrat Toyota Gorontalo,Jl. Nani Wartabone No. 9A,"(0435) 821551, 824126",(0435) 824429,Gorontalo,GORONTALO,Available,Not Available,Not Available
Hasjrat Toyota Limboto,Jl. Raya Limboto Dusun 3 Pentadio Barat,(0435) 881234,(0435) 880155,Gorontalo,GORONTALO,Available,Not Available,Not Available
Hasjrat Toyota Kotamobagu,Jl. Datoe Binangkang No. 17,"(0434) 21966, 21666",(0434) 21590,Kotamobagu,SULAWESI UTARA,Available,Not Available,Not Available
Hasjrat Toyota Luwuk,"Jl. Dr. Moh. Hatta No.72, Maahas, Luwuk Selatan Kabupaten Banggai, Sulawesi Tengah 94713","(0461) 21900, 23015",(0461) 22595,Luwuk,SULAWESI TENGAH,Available,Not Available,Not Available
Kalla Toyota Kendari,"Jl. Ahmad Yani No 4 Kendari, Sul-Teng","(0401) 3196333, 3194789, 3005134",(0401) 3196555,Kendari,SULAWESI TENGGARA,Available,Not Available,Available
Kalla Toyota Pinrang,Jl. Jend. Sudirman 10A,(0421) 921074,(0421) 3910555,Pinrang,SULAWESI SELATAN,Available,Not Available,Available
Kalla Toyota Tanatoraja,Jl. Pongtiku No. 27 - Rantepao,(0423) 21555,"(0423) 25077, 24077",Tana Toraja,SULAWESI SELATAN,Available,Not Available,Available
Kalla Toyota Sengkang,"Jl. Andi  Ma'ga Amrullah  No.1, Sengkang 90911",(0485) 21324,(0485) 323611,Sengkang,SULAWESI SELATAN,Available,Not Available,Available
Kalla Toyota Bulukumba,Jl. Lanto Dg. Pasewang No.15,"(0413) 82477, 83477",(0413)  82577,Bulukumba,SULAWESI SELATAN,Available,Not Available,Available
Kalla Toyota (I) Urip Sumoharjo,"Jl. Urip Sumoharjo No.227, Makasar 90232",(0411) 448044,(0411) 452000,Makassar,SULAWESI SELATAN,Available,Not Available,Not Available
Kalla Toyota (II) Urip Sumoharjo,"Jl. Urip Sumoharjo No.110, Makasar 90232",(0411) 448844,(0411) 449303,Makassar,SULAWESI SELATAN,Not Available,Not Available,Not Available
Kalla Toyota Alauddin,Jl. Sultan Alauddin No 76,"(0411) 840555, 881275","(0411) 840444, 449303",Makassar,SULAWESI SELATAN,Available,Not Available,Available
Kalla Toyota HOS Cokroaminoto,"Jl. HOS Cokroaminoto 27, Makasar 90174",(0411) 3611111,(0411) 361112,Makassar,SULAWESI SELATAN,Available,Not Available,Available
Kalla Toyota Maros,"Jl. Poros Makassar No. 1- Maros, Makassar - Sulawesi Selatan",(0411) 374555,"(0411) 374556, 374567",Makassar,SULAWESI SELATAN,Available,Not Available,Available
Kalla Toyota Serui,Jl. Serui no. 48,"(0411) 3681111, 3681222",(0411) 3681123,Makassar,SULAWESI SELATAN,Not Available,Not Available,Available
Garasi Kalla Toyota,Lower Ground Nipah Mall Jalan Urip Sumoharjo,(0411) 3000103,,Makassar,SULAWESI SELATAN,Not Available,Not Available,Available
Auto Nusa Abadi,"Jl. Timor Raya No. 78, Kupang, NTT 85111","(0380) 822000, 824676",(0380) 824522,Kupang,NUSA TENGGARA TIMUR,Available,Not Available,Not Available
Hasjrat Toyota Ambon,Jl. Piere Tendean No.2-Ambon-97231,"(0911) 351953, 352684",(0911) 351374,Ambon,MALUKU,Available,Not Available,Not Available
Hasjrat Toyota Ternate,"Jl. Jati Raya RT 012/ RW 06, Jati Perumnas, Ternate Selatan, Kota Ternate, Maluku Utara","(0921) 3115888, 3117888",(0921) 6205557,Ternate,MALUKU UTARA,Available,Not Available,Not Available
Krida Toyota,"Jl. A. Yani Km. 3 - Narmada, Berdais, Mataram","(0370) 672000, 671656",(0370) 671657,Mataram,NUSA TENGGARA BARAT,Available,Available,Available
Hasjrat Toyota Sorong,Jl. Jend.Ahmad Yani No.16A-Sorong-98416,"(0951) 323211, 322292",(0951) 323620,Sorong,PAPUA BARAT,Available,Not Available,Not Available
Hasjrat Toyota Biak,Jl. Sisingamangaraja No.9-Biak-98111,(0981) 23305,(0981) 23301,Biak,PAPUA,Available,Not Available,Not Available
Hasjrat Toyota Abepura,Jl. Raya Abepura Kotaraja Jayapura,"(0967) 586690, 586686",(0967) 586722,Jayapura,PAPUA,Available,Not Available,Not Available
Hasjrat Toyota Jayapura,Jl. Ardipura III No.1-Jayapura-99223,(0967) 535111,(0967) 534046,Jayapura,PAPUA,Available,Not Available,Not Available
Hasjrat Toyota Jayapura (BP),Jl. Kelapa Dua-Entrop-Jayapura-99224,"(0967) 532331, 537283",(0967) 551074,Jayapura,PAPUA,Not Available,Not Available,Not Available
Hasjrat Toyota Nabire,Jl. RE Martadinata No.8-Nabire-98817,"(0984) 22203, 23180",(0984) 21802,Nabire,PAPUA,Available,Not Available,Not Available
Tunas Toyota Cilegon,Jl. Raya Cilegon Km.14  - Cilegon 42422,"(0254) 394789, 394777 (Hunting)",(0254) 391580,Cilegon,BANTEN,Available,Not Available,Available
Tunas Toyota Cinere,"Jl. Cinere Raya No. 19, Jakarta 16514",(021) 7540108 (Hunting),(021) 7540118,Depok,JAWA BARAT,Available,Not Available,Available
Setiajaya Toyota Depok,"Jl. Margonda 348, Pondok Cina, Beji, Depok 16424",(021) 27890001,(021) 77203434,Depok,JAWA BARAT,Available,Available,Not Available
Setiajaya Toyota Parung,Jl. Raya Parung-Ciputat Km. 29 Sawangan Depok,(021) 7496000,(021) 7494998,Depok,JAWA BARAT,Available,Not Available,Not Available
Setiajaya Toyota Depok Body & Paint,"Jl. Tole Iskandar, Depok",(021) 77836900,(021) 77833388,Depok,JAWA BARAT,Not Available,Not Available,Not Available
Setiajaya Toyota Cimanggis,"Jl. Raya Bogor Km.29 Cimanggis, Depok 16952",(021) 8771 5555,(021) 87717150,Depok,JAWA BARAT,Available,Not Available,Not Available
AUTO2000 Grand Depok City,"Jl. Boulevard Kp. Parung Serab RT. 09 RW. 03, Kel. Tirtajaya, Kec. Sukmajaya, Kota Depok",(021) 29502000,(021) 7716071,Depok,JAWA BARAT,Available,Available,Available
AUTO2000 Bogor Siliwangi,"Jl. Siliwangi 76, Bogor 16720",(0251) 8342000 (Hunting),(0251) 83384213,Bogor,JAWA BARAT,Available,Not Available,Available
AUTO2000 Cibinong,"Jl. Raya Bogor Km.43, Cibinong, Bogor 16919",(021) 87912000 (Hunting),"(021) 87906610, 8753822",Bogor,JAWA BARAT,Available,Available,Available
AUTO2000 Bogor Yasmin,"Jl. Soleh Iskandar No.9 Yasmin, Bogor",(0251) 8362000 (Hunting),(0251) 8352237,Bogor,JAWA BARAT,Available,Not Available,Available
Plaza Toyota Karanggan,"Jl. Karanggan Tua RT. 004 RW. 07 No. 85 Gunung Putri, Bogor",(021) 87929410,(021) 87929401,Bogor,JAWA BARAT,Not Available,Available,Not Available
Setiajaya Toyota Cibubur,"Jl. Raya Alternatif Cibubur, Perum. Taman Laguna No. 42, Cibubur 17435","(021) 84591773 (Hunting), 84598989",(021) 84599459,Bogor,JAWA BARAT,Available,Not Available,Not Available
AUTO2000 Dramaga Bogor,"Jl. Dramaga RT.001/RW.001, Desa Dramaga, Kec. Dramaga, Kab. Bogor",(0251) 7562000 (Hunting),(0251) 8427744,Bogor,JAWA BARAT,Available,Not Available,Available
Plaza Toyota Citeureup,"Jl. Mayor Oking RT. 05/10 No. 19 Desa Karang Asem Barat, Kec. Citeureup, Bogor",(021) 87929988,(021) 87929218,Bogor,JAWA BARAT,Available,Available,Not Available
Astrido Toyota Cileungsi,"Jl. Raya Narogong Pangkalan 8 No. 8 Kp. Bakom, RT 2/RW 4, Desa Limusnunggal, Kec. Cileungsi, Kab. Bogor, Jawa Barat 16820","(021) 80470888, 80470999",(021) 80470999,Bogor,JAWA BARAT,Available,Not Available,Available
Setiajaya Toyota Bogor,"Jl. Raya Pajajaran, PO BOX 371, Bogor 16153","(0251) 8316100, 8316200, 8316300",(0251) 8316500,Bogor,JAWA BARAT,Available,Not Available,Not Available
AUTO2000 Sukabumi,"Jl. Raya Sukabumi-Cianjur Km 8, Kp. Cipetir, RT 001/ RW 001, Desa Prianganjaya, Kec. Sukalarang, Kab. Sukabumi, Jawa Barat",(0266) 262000,(0266) 263565,Sukabumi,JAWA BARAT,Available,Not Available,Available
Selamat Toyota Sukabumi,"Jl. KH. A. Sanusi No.111 sukakarya, Warudoyong, Sukabumi",(0266) 239000,(0266) 222354,Sukabumi,JAWA BARAT,Available,Available,Not Available
Selamat Toyota Sukabumi BP,Jl. Arif Rahman Hakim No.34 Benteng Warudoyong. Sukabumi,(0266) 2490999,,Sukabumi,JAWA BARAT,Not Available,Not Available,Not Available
Duta Cendana Mobilindo,"Jl. Arief Rachman Hakim No.17, Cianjur 43212","(0263) 263888, 264205, 271788",(0263) 263999,Cianjur,JAWA BARAT,Available,Available,Not Available
Rejeki Toyota Sumedang,"Jl. May. Abdul Rachman 130, Sumedang 45322",(0261) 209500,(0261) 208772,Sumedang,JAWA BARAT,Available,Not Available,Not Available
AUTO2000 Pasteur,"Jl. Dr. Djundjunan No.192, Bandung 40163",(022) 2000100 (Hunting),(022) 2000400,Bandung,JAWA BARAT,Available,Not Available,Available
AUTO2000 Asia Afrika,"Jl. Asia Afrika No.125, Bandung 40112","(022) 4242000 (Hunting), 4234305",(022) 4221614,Bandung,JAWA BARAT,Available,Not Available,Available
AUTO2000 Soekarno Hatta,"Jl. Soekarno-Hatta No.145, Bandung, 40223","(022) 6022000 (Hunting), 6078070",(022) 6031559,Bandung,JAWA BARAT,Available,Available,Available
AUTO2000 Setiabudi,Jl. Setiabudi No.68 Bandung 40141,(022) 2042000 (Hunting),(022) 2040198,Bandung,JAWA BARAT,Available,Not Available,Available
AUTO2000 Cibiru,"Jl. Soekarno Hatta No.759, Cibiru, Bandung, 40614",(022) 7802000 (Hunting),(022) 7807766,Bandung,JAWA BARAT,Available,Not Available,Available
AUTO2000 Bandung Suci,"Jl. Phh Musthofa No.6, Bandung",(022) 87832000,(022) 87830987,Bandung,JAWA BARAT,Available,Not Available,Available
AUTO2000 Rancaekek,"Jl. Arteri Primer Kampung Cipasir, Rancaekek",(022) 7782000,(022) 7781929,Bandung,JAWA BARAT,Available,Not Available,Available
Tunas Toyota Gatot Subroto,Jl. Gatot Subroto No. 109-111 Bandung 40262,(022) 7312994 (Hunting),(022) 7312873,Bandung,JAWA BARAT,Available,Not Available,Available
Tunas Toyota Cimindi,Jl. Raya Cilember 276 Cimindi  - Bandung 40175,(022) 6613838 (Hunting),(022) 6613636,Bandung,JAWA BARAT,Available,Not Available,Available
Wijaya Toyota A. Yani,Jl. Jend. A. Yani 336 - 338  Bandung 40271,"(022) 7103388, 7205800 (Hunting)",(022) 7104333,Bandung,JAWA BARAT,Available,Available,Available
Wijaya Toyota Dago,"Jl. Ir. H. Juanda No. 131, Dago, Bandung 43132",(022) 2500010,(022) 2530655,Bandung,JAWA BARAT,Available,Available,Available
Merdeka Motor Kiara Condong,"Jl. Terusan Kiara Condong 47, Bandung 40284",(022) 7305668 (Hunting),(022) 7317224,Bandung,JAWA BARAT,Available,Not Available,Not Available
Merdeka Motor Soreang,"Jl. Raya Soreang Km 15,7 No. 443 Ds. Cingcin, Kecamatan Soreang Bandung",(022) 5896611,(022) 5892292,Bandung,JAWA BARAT,Available,Not Available,Not Available
Plaza Toyota Bandung,"Jl. Pelajar Pejuang 45 No. 103, Bandung 40263",(022) 7315555 (Hunting),(022) 7315500,Bandung,JAWA BARAT,Available,Available,Not Available
Wijaya Toyota Padalarang,"Jl. Raya Cimareme, No. 138, Padalarang, Kab. Bandung Barat",(022) 86002288,(022) 86002299,Bandung,JAWA BARAT,Available,Not Available,Available
AUTO2000 Cibiru BP,"Jl. Soekarno Hatta No.751, Cibiru, Bandung, 40614",(022) 7802007,(022) 87820570,Bandung,JAWA BARAT,Not Available,Not Available,Available
Sinar Mas Tasikmalaya,"Jl. KH Mustofa No. 294, Cihideung, Tasikmalaya 46125","(0265) 324840, 331023, 331024",(0265) 333023,Tasikmalaya,JAWA BARAT,Available,Not Available,Not Available
Nasmoco Tegal,"Jl. Martoloyo No. 113-115, Tegal 52121","(0283) 350866, 350877, 351467, 353592",(0283) 355033,Tegal,JAWA TENGAH,Available,Not Available,Available
Nasmoco Pekalongan,"Jl. Raya Kalibanger Km. 3, Pekalongan 51129","(0285) 420020, 420030, 420040",(0285) 424490,Pekalongan,JAWA TENGAH,Available,Not Available,Available
Nasmoco Kaligawe,"Jl. Raya Kaligawe Km. 5, Semarang 50112",(024) 6580100 (Hunting),(024) 6580200,Semarang,JAWA TENGAH,Available,Not Available,Available
Nasmoco Pemuda,Jl. Pemuda No. 72 Semarang 50133,(024) 3540550 (Hunting),(024) 3558112,Semarang,JAWA TENGAH,Available,Not Available,Available
Nasmoco Majapahit,"Jl. Brigjen Sudiarto KM. 4.3, Semarang",(024) 6722872 (Hunting),(024) 6722870,Semarang,JAWA TENGAH,Available,Not Available,Available
Nasmoco Gombel,"Jl. Setiabudi No. 22, Semarang 50261",(024) 7476000,(024) 7463400,Semarang,JAWA TENGAH,Available,Not Available,Available
Nasmoco Siliwangi,"Jalan Jendral Sudirman No. 290, Semarang",024-76670101,(0298) 5200030,Semarang,JAWA TENGAH,Available,Available,Available
AUTO2000 Cirebon,"Jl. Brigjen Darsono 14,By Pass, Cirebon 45135",(0231) 232000 (Hunting),(0231) 204555,Cirebon,JAWA BARAT,Available,Not Available,Available
Rejeki Toyota Cirebon,"Jl. Otista No.88, Plered Weru, Cirebon 45154",(0231) 324500 (Hunting),(0231) 325221,Cirebon,JAWA BARAT,Available,Not Available,Not Available
Surya Indah Motor Kudus,"Jl. Raya Kudus - Pati Km. 4, Kudus",(0291) 433215,(0291) 432091,Kudus,JAWA TENGAH,Available,Not Available,Not Available
Nasmoco Cilacap,"Jl. MT Haryono 81, Cilacap 53222","(0282) 533200, 533695",(0282) 531019,Cilacap,JAWA TENGAH,Available,Not Available,Available
Nasmoco Salatiga,"Jl. P. Diponegoro 171, Salatiga 50715","(0298) 325396, 327388",(0298) 321831,Salatiga,JAWA TENGAH,Available,Not Available,Available
Nasmoco Mlati,"Jl. Magelang Km. 7, Mlati, Sleman Jogjakarta 55285",(0274) 868808 (Hunting),(0274) 868992,Yogyakarta,DI YOGYAKARTA,Available,Not Available,Available
Nasmoco Janti,"Jl. Ringroad Timur 58 A Banguntapan Bantul, Jogjakarta 55198",(0274) 452045 (Hunting),(0274) 452040,Yogyakarta,DI YOGYAKARTA,Available,Not Available,Available
Nasmoco Bantul,"Jl. Ring Road Selatan Taman Tirto, Kasian, Bantul",(0274) 4469567 (Hunting),(0274) 4469568,Yogyakarta,DI YOGYAKARTA,Available,Not Available,Available
Nasmoco Magelang,"Jl. Raya Magelang-Yogya Km. 5, Mertoyudan Magelang 56172",(0293) 326871,(0293) 326611,Magelang,JAWA TENGAH,Available,Not Available,Available
AUTO2000 Madiun,"Jl. HOS Cokroaminoto No.47, Madiun 63132","(0351) 492000 (Hunting), 494510",(0351) 493573,Madiun,JAWA TIMUR,Available,Not Available,Available
Kartika Sari Motor,Jl. Puncak Borobudur No.1 Malang 65142,"(0341) 479000, 326771, 361562",(0341) 480280,Malang,JAWA TIMUR,Available,Not Available,Not Available
AUTO2000 Malang Soetoyo,Jalan Letjen Soetojo 25 Malang,(0341) 472000,(0341) 491003,Malang,JAWA TIMUR,Available,Not Available,Available
AUTO2000 Malang Supriadi,"Jalan Supriadi 35 Sukun, Malang",0341-352000,0341-335658,Malang,JAWA TIMUR,Available,Not Available,Available
AUTO2000 Singosari,"Jl. Soekarno Hatta No. 150, Desa Randu Agung, Kec. Singosari Kab. Malang",(0341) 3062000,(0341) 3062404,Malang,JAWA TIMUR,Available,Not Available,Available
AUTO2000 Kediri,"Jl. Hasanudin No. 2A, Kediri 64121",(0354) 692000 (Hunting),(0354) 699996,Kediri,JAWA TIMUR,Available,Not Available,Available
AUTO2000 Kediri Suharmadji,"Jl. Sersan Suharmadji RT 1 / RW 3, Kediri Jawa Timur",(0354) 442000,(0354) 7418560,Kediri,JAWA TIMUR,Available,Not Available,Available
AUTO2000 Pluit,"Jl. Raya Pluit Selatan No. 6, Jakarta 14450",(021) 6622000 (Hunting),(021) 6603526,Jakarta Utara,DKI JAKARTA,Available,Available,Available
AUTO2000 Yos Sudarso,"Jl. Laks. Yos Sudarso Kav. 46-48, Sunter II, Jakarta 14330",(021) 65302000 (Hunting),(021) 65836965,Jakarta Utara,DKI JAKARTA,Available,Available,Available
AUTO2000 Sunter,Jl. Gaya Motor III No. 3 JAKARTA 14330,(021) 6502000,(021) 2601762,Jakarta Utara,DKI JAKARTA,Not Available,Not Available,Available
AUTO2000 Muara Karang,"Jl. Muara Karang Raya Blok Z 5 Timur No. 17 - 18, Penjaringan - Jakarta Utara 14450",(021) 6682000 (Hunting),(021) 6623783,Jakarta Utara,DKI JAKARTA,Available,Not Available,Available
AUTO2000 Kelapa Gading,"Jl. Gading Residence E-1 Kelapa Gading, Jakarta Utara",(021) 4532000,(021) 45848534,Jakarta Utara,DKI JAKARTA,Available,Available,Available
Astrido Toyota Yos Sudarso,"Jl. Yos Sudarso 19, Tanjung Priok, Jakarta 14230","(021) 4303210, 43937450-51",(021) 43938660,Jakarta Utara,DKI JAKARTA,Available,Not Available,Available
Astrido Toyota Bandengan,"Jl. Bandengan Utara 41-A, Jakarta Utara 14440","(021) 6696850, 6600031",(021) 6600212,Jakarta Utara,DKI JAKARTA,Available,Not Available,Available
Astrido Toyota Kelapa Gading I,"Jl. Boulevard Raya Barat Blok LC-7 N0 43-45, Kelapa Gading, Jakarta 14330",(021) 4515655 (Hunting),(021) 4501251,Jakarta Utara,DKI JAKARTA,Available,Not Available,Available
Astrido Toyota Kelapa Gading II,"Jl. Bukit Gading Mediterania No. 1, Kelapa Gading - Jakarta Utara 14240","(021) 45861041 (Hunting), 4515651",(021) 45861051,Jakarta Utara,DKI JAKARTA,Available,Available,Available
Auto2000 Segitiga Senen,,,,Jakarta Utara,DKI JAKARTA,Not Available,Not Available,Available
AUTO2000 GSO & PK,"Jl. Wahid Hasyim No. 164, Jakarta 10250",(021) 2302000 (Hunting),(021) 2303027,Jakarta Pusat,DKI JAKARTA,Available,Not Available,Available
AUTO2000 Juanda,"Jl. Ir.H. Juanda 22, Jakarta 10120",(021) 2312000 (Hunting),(021) 3849283,Jakarta Pusat,DKI JAKARTA,Available,Available,Available
AUTO2000 Pramuka,"Jl. Raya Pramuka No.146 Kav. 29-30, Jakarta 13120",(021) 8582000 (Hunting),(021) 8516622,Jakarta Pusat,DKI JAKARTA,Available,Available,Available
AUTO2000 Salemba,"Jl. Salemba Raya No. 67, Jakarta 10440",(021) 3152000 (Hunting),"(021) 3908117, 3162638",Jakarta Pusat,DKI JAKARTA,Available,Not Available,Available
AUTO2000 Cempaka Putih,"Jl. Letjen. Suprapto No. 63, Jakarta 10520",(021) 4262000 (Hunting),(021) 4265234,Jakarta Pusat,DKI JAKARTA,Available,Not Available,Available
AUTO2000 Sudirman Menara Astra,"Gedung Menara ASTRA, Lt.1 & 2, Jl. Jend Sudirman Kav.5-6, Kel. Karet Tengsin, Kec. Tanah Abang, Jakarta Pusat 10220",(021) 5703325 (Hunting),(021) 5737027,Jakarta Pusat,DKI JAKARTA,Available,Not Available,Available
AUTO2000 Samanhudi,"Jl. Samanhudi No. 7, Jakarta 10710","(021) 3802000 (Hunting), 3455221",(021) 3814158,Jakarta Pusat,DKI JAKARTA,Available,Not Available,Available
AUTO2000 Wahid Hasyim,"Jl. Wahid Hasyim No. 164, Jakarta 10250",(021) 3912000 (Hunting),(021) 39162358,Jakarta Pusat,DKI JAKARTA,Available,Available,Available
AUTO2000 Angkasa,"Jl. Angkasa Raya I Blok B16/1, Jakarta 10610",(021) 4222000,(021) 4217773,Jakarta Pusat,DKI JAKARTA,Available,Not Available,Available
AUTO2000 Ambassador,"Mall Satrio Ambassador, Jl. Prof. Dr. Satrio Kav. 8-9, Kuningan, Jakarta 12940",(021) 5762000 (Hunting),(021) 5760040,Jakarta Pusat,DKI JAKARTA,Available,Not Available,Available
Astrido Toyota Batu Tulis,"Jl. Batu Tulis Raya 50 C.D. E.F, Jakarta Pusat 10120",(021) 3855360,(021) 3841306,Jakarta Pusat,DKI JAKARTA,Available,Not Available,Available
Astrido Toyota Harmoni,"Jl. Balikpapan Raya No. 7, Jakarta 10160",(021) 3863228 (Hunting),(021) 3519833,Jakarta Pusat,DKI JAKARTA,Available,Not Available,Available
Tunas Toyota Pecenongan,"Jl. Pecenongan 60-62, Jakarta 10120","(021) 2313777, 3459491",(021) 2313001,Jakarta Pusat,DKI JAKARTA,Available,Not Available,Available
Tunas Toyota Pecenongan SP,"Jl. Batu Tulis Raya No. 42, Jakarta Pusat",(021) 3454460 / 80,(021) 3454473,Jakarta Pusat,DKI JAKARTA,Not Available,Not Available,Available
Tunas Toyota Hayam Wuruk,"Jl. Hayam Wuruk  No. 52, Jakarta 11160","(021) 6280450, 6498633",(021) 6296179,Jakarta Pusat,DKI JAKARTA,Available,Not Available,Available
AUTO2000 Garuda,"Jl. Garuda 84 , Jakarta 10650",(021) 4252000 (Hunting),(021) 4206575,Jakarta Pusat,DKI JAKARTA,Available,Not Available,Available
AUTO2000 Kramat Jati,"Jl. Raya Bogor KM.21 Kramat Jati, Jakarta 13830",(021) 8402000 (Hunting),"(021) 8400680, 8400618",Jakarta Timur,DKI JAKARTA,Available,Not Available,Available
AUTO2000 Kalimalang,"Jl. Raya Tarum Barat No. 45 Kalimalang, Jakarta 13450",(021) 8652000 (Hunting),(021 ) 8642446,Jakarta Timur,DKI JAKARTA,Available,Available,Available
Plaza Toyota Pemuda,"Jl. Pemuda Raya I No. 6, Jakarta",(021) 47868686,"(021) 4899012, 47869938",Jakarta Timur,DKI JAKARTA,Available,Available,Not Available
Daya Toyota Cakung,"Jl. Raya Bekasi Km. 26,5, Kelurahan Ujung Menteng, Kec. Cakung, Jakarta Timur",(021) 88968800,(021) 88968900,Jakarta Timur,DKI JAKARTA,Available,Available,Available
Astrido Toyota Klender,"Jl. Pahlawan Revolusi No.9, Klender, Jakarta 13470",(021) 8610322 (Hunting),(021) 8610320,Jakarta Timur,DKI JAKARTA,Available,Not Available,Available
Tunas Toyota Jatinegara,"Jl. Jatinegara Timur No. 51, Jakarta 13310","(021) 8199736, 8199740",(021) 8191921,Jakarta Timur,DKI JAKARTA,Available,Not Available,Available
Tunas Toyota Radin Inten,"Jl. Radin Inten 2 No. 62, Jakarta Timur",(021) 8604949,(021) 86607171,Jakarta Timur,DKI JAKARTA,Available,Not Available,Available
Tunas Toyota Dewi Sartika,"Jl. Dewi Sartika No. 145, Cawang, Jakarta 13360",(021) 8093969,(021) 8097675,Jakarta Timur,DKI JAKARTA,Available,Available,Available
AUTO2000 Cilandak,"Jl. TB. Simatupang, Cilandak , Lebak Bulus, Jakarta 12430","(021) 7652000 (Hunting), 7501025",(021) 7505308,Jakarta Selatan,DKI JAKARTA,Available,Available,Available
AUTO2000 Radio Dalam,"Jl. Radio Dalam No. 124 A-B, Jakarta 12140",(021) 7252000 (Hunting),(021) 7398887,Jakarta Selatan,DKI JAKARTA,Available,Not Available,Available
AUTO2000 Ciledug,"Jl. Ciledug Raya No.16, Petukangan Selatan, Jakarta 12270",(021) 7372000 (Hunting),(021) 7373007,Jakarta Selatan,DKI JAKARTA,Available,Available,Available
AUTO2000 Tebet Supomo,"Jl. Prof.Dr.Supomo SH No. 46, Jakarta 12870",(021) 8302000 (Hunting),(021) 8300432,Jakarta Selatan,DKI JAKARTA,Available,Available,Available
AUTO2000 Tebet Saharjo,"Jl. Dr. Saharjo No. 246 A,Jakarta 12960",(021) 83792000 (Hunting) 83705870,(021) 83705875,Jakarta Selatan,DKI JAKARTA,Available,Available,Available
AUTO2000 Krida Cilandak,"Jl. Krida Cilandak, Jakarta Selatan",(021) 29406465,(021) 29406464,Jakarta Selatan,DKI JAKARTA,Available,Not Available,Available
AUTO2000 Lenteng Agung,"Jl. Raya Lenteng Agung no. 8A, Tanjung Barat, Jakarta Selatan 12530",(021) 7822000,(021) 7810262,Jakarta Selatan,DKI JAKARTA,Available,Not Available,Available
Tunas Toyota Bintaro,"Jl. R.C. Veteran No.24 Bintaro, Jakarta 12330",(021) 7350555 (Hunting),(021) 7350314,Jakarta Selatan,DKI JAKARTA,Available,Not Available,Available
Tunas Toyota Kebayoran Lama,"Jl. Raya Kebayoran Lama No. 38 Palmerah, Jakarta Barat 11540",(021) 5320555,(021) 5494370,Jakarta Selatan,DKI JAKARTA,Available,Not Available,Available
Tunas Toyota Mampang,"Jl. Mampang Prapatan 83-85, Jakarta 12790","(021) 7987480, 7995812",(021) 7989047,Jakarta Selatan,DKI JAKARTA,Available,Not Available,Available
Tunas Toyota Pasar Minggu,"Jl. Raya Pasar Minggu No.7, Jakarta 12520",(021) 7940777 (Hunting),(021) 7942178,Jakarta Selatan,DKI JAKARTA,Available,Not Available,Available
Plaza Toyota Tendean,"Jl. Kapt. Tendean No. 9A, Jakarta Selatan 12710",(021) 52901818 (Hunting),(021) 52892281,Jakarta Selatan,DKI JAKARTA,Available,Available,Not Available
Astrido Toyota Fatmawati,"Jl. R.S. Fatmawati1, Jakarta 12420",(021) 7505297 (Hunting),(021) 7505080,Jakarta Selatan,DKI JAKARTA,Available,Not Available,Available
Astrido Toyota Pondok Indah,"Jl. Sultan Iskandar Muda No. 1 A, P.Indah, Jakarta 12240",(021) 7269969,(021) 7397086,Jakarta Selatan,DKI JAKARTA,Available,Available,Available
AUTO2000 P. Jayakarta,"Jl. P. Jayakarta 9-11, Jakarta 11110","(021) 6262000 (Hunting), 6007293",(021) 6494260,Jakarta Barat,DKI JAKARTA,Available,Available,Available
AUTO2000 Daan Mogot,"Jl. Daan Mogot 146-147, Jakarta 11510","(021) 5642000(Hunting), 5682110",(021) 5688719,Jakarta Barat,DKI JAKARTA,Available,Available,Available
AUTO2000 Puri Kembangan,"Jl. Lingkar Luar Barat - Puri Kembangan, Jakarta 11500","(021) 5822000 (Hunting),5828767",(021) 5828660,Jakarta Barat,DKI JAKARTA,Available,Not Available,Available
AUTO2000 Kapuk,"Jl. Lingkar Luar Barat - Kapuk Kamal, Cengkareng Timur, Jakarta 11730",(021) 55962000 (Hunting),(021) 55962999,Jakarta Barat,DKI JAKARTA,Available,Available,Available
AUTO2000 Mangga Dua,"Jl. Arteri Mangga Dua Blok F 5 Ruko Bahan Bangunan No. 1-3, Jakarta 10730",(021) 6122000,(021) 6015435,Jakarta Barat,DKI JAKARTA,Available,Not Available,Available
AUTO2000 Glodok Plaza,"Komp. Pertokoan Glodok Plaza Blok H 25 - 26 , Jakarta 11120",(021) 6282000 (Hunting),(021) 6264495,Jakarta Barat,DKI JAKARTA,Available,Not Available,Available
AUTO2000 Permata Hijau,Jl. Raya Kebayoran Lama No. 28. Jakarta Barat 11560,(021) 53662000 (Hunting),(021) 53655288,Jakarta Barat,DKI JAKARTA,Available,Not Available,Available
Astrido Toyota Kebon Jeruk,"Jl. Raya Perjuangan 33A, Kedoya - Kebon Jeruk - Jakarta 11530","(021) 5302722 (Hunting),",(021) 53653198,Jakarta Barat,DKI JAKARTA,Available,Available,Available
Tunas Toyota Latumenten,"Komp. Central Latumenten Blok AA 31, Jl. Latumenten No. 50",(021) 56966327,(021) 56965328,Jakarta Barat,DKI JAKARTA,Available,Not Available,Available
Plaza Toyota Green Garden,"Jl. Panjang No. 25, Kedoya Utara, Jakarta 11520","(021) 58302555, 5828528",(021) 58328531,Jakarta Barat,DKI JAKARTA,Available,Available,Not Available
Plaza Toyota Kyai Tapa,"Jl. Kyai Tapa No. 263, Jakarta 11440",(021) 56978118,(021) 56978908,Jakarta Barat,DKI JAKARTA,Available,Available,Not Available
Akastra Motor,"Jl. Raya Kebayoran Lama No.26, Palmerah VII, Jakarta 11540",(021) 5347177,(021) 5303661,Jakarta Barat,DKI JAKARTA,Not Available,Available,Not Available
AUTO2000 Slipi,"Jl. Letjen S. Parman Kav. N4 Slipi, Jakarta 11500",(021) 53672000 (Hunting),(021) 53676959,Jakarta Barat,DKI JAKARTA,Available,Not Available,Available
AUTO2000 Jember,"Jl. Hayam Wuruk 34, Jember 68135",(0331) 422000 (Hunting),(0331) 487284,Jember,JAWA TIMUR,Available,Not Available,Available
AUTO2000 Jember BP,"Jl. Raya Lumajang Jember, Dusun Krajan PS S 91, Kel. Langkap, Kec. Bangsalsari, Jember",(0331) 7502000,(0331) 7501001,Jember,JAWA TIMUR,Not Available,Not Available,Available
Agung Toyota Tanjung Pinang,"Jl. Daeng Celak KM 8, Sei Carang, Air Raja, Tanjung Pinang",(0771) 7335555,,Tanjung Pinang,KEPULAUAN RIAU,Available,Not Available,Not Available
Anzon Toyota Singkawang,Jl. Jend. Achmad Yani no 8 Singkawang,(0562) 637000 (Hunting),(0562) 631406,Singkawang,KALIMANTAN BARAT,Available,Not Available,Not Available
Hasjrat Toyota Merauke,Jl. Raya Mandala Muli No.350-Merauke-98616,(0971) 325411-12,(0971) 323485,Merauke,PAPUA,Available,Not Available,Not Available
Kalla Toyota Poso,"Jl. Pulau Batam No. 18, Poso - Sulawesi Tengah","(0452) 23661, 325288",(0452) 23665,Poso,SULAWESI TENGAH,Available,Not Available,Available
Agung Toyota Duri,"Jl. Raya Duri Dumai, Km 4, No. 13, Duri 28884",(0765) 560588,(0765)560988,Duri,RIAU,Available,Not Available,Not Available
Kalla Toyota Pare-pare,"Jl. H. M. Arsyad No. 75, Pare-Pare 91132","(0421) 23622, 21883",,Pare Pare,SULAWESI SELATAN,Available,Not Available,Available
Hasjrat Toyota Manado Kombos,Jl. Raya Kombos-Manado 95233,"(0431) 813437, 813508",(0431) 813537,Manado,SULAWESI UTARA,Not Available,Not Available,Not Available
Hasjrat Toyota Manado Sudirman,Jl. Sudirman No.119 A-Manado 95121,(0431) 877768,(0431) 877751,Manado,SULAWESI UTARA,Available,Not Available,Not Available
Hasjrat Toyota Manado Tendean,"Jl. Piere Tendean Kelurahan Sario Utara Lingkungan III Kecamatan Sario, Kota Manado","(0431) 8881710, 8881714",(0431) 843250,Manado,SULAWESI UTARA,Available,Available,Not Available
Kalla Toyota Soppeng,Jl. Kemakmuran 77 Watansoppeng,(0484) 21133,(0484) 23566,Soppeng,SULAWESI SELATAN,Available,Not Available,Available
Nasmoco Wonosobo,"Jl. Raya Banyumas KM 3, Selomerto - Wonosobo",(0286) 323600 (Hunting),(0286) 321180,Wonosobo,JAWA TENGAH,Available,Not Available,Available
Tunas Auto Graha Lubuk Linggau,"Jl. Yos Sudarso RT07, Watervang No 8A Lubuk Linggau, Sumsel",(0733) 323282 (Hunting),(0733) 323282,Lubuk Linggau,SUMATERA SELATAN,Available,Not Available,Not Available
Dunia Barusa Banda Aceh,"Jl. DR. Mr. Teuku H. T. Muhammad Hasan No. 8, Kec. Lueng Bata,Kab. Banda Aceh, NAD",(0651) 28999,(0651) 28888,Banda Aceh,ACEH,Available,Not Available,Not Available
Budi Jaya Mobilindo,"Jl. Cimanuk 303, Garut 44151","(0262) 232505, 232606, 236707",(0262) 232808,Garut,JAWA BARAT,Available,Not Available,Not Available
AUTO2000 Indramayu,"Jl. Gatot Subroto No. 88, Indramayu 45213",(0234) 272000,(0234) 272399,Indramayu,JAWA BARAT,Available,Not Available,Available
Rejeki Toyota Indramayu,"Jl. Bangkaloa Ilir 88, Widasari, Indramayu",(0234) 355888,(0234) 7141202,Indramayu,JAWA BARAT,Available,Not Available,Not Available
Wijaya Toyota Subang,Jl. Raya Pemanukan Km 2.5 Pamanukan Subang,(0260) 555118 (Hunting),(0260) 552228,Subang,JAWA BARAT,Available,Not Available,Available
Kalla Toyota Mamuju,"Jl. Sudirman No. 1, Mamuju - Sulawesi Barat",(0426) 21521,(0426) 21477,Mamuju,SULAWESI BARAT,Available,Not Available,Available
Kalla Toyota Sidrap,"Jl. Jend. Sudirman No. 27, Pangkajene","(0421) 91003, 96542",(0421) 91370,Sidrap,SULAWESI SELATAN,Available,Not Available,Available
Kalla Toyota Kolaka,"Jalan Pemuda No. 208, Kolaka Sut Teng","(0405) 2321846, 082346072222",(0405) 2321086,Kolaka,SULAWESI TENGGARA,Available,Not Available,Available
AUTO2000 Purwakarta,"Jl. Veteran No. 223 Ciseureuh, Purwakarta 41118",(0264) 212000,(0264) 8227363,Purwakarta,JAWA BARAT,Available,Not Available,Available
IMM Toyota Mojokerto,"Jl. Raya by pass Mojokerto km. 47, Mojokerto",(0321) 392888 (Hunting),(0321) 399089,Mojokerto,JAWA TIMUR,Available,Not Available,Not Available
AUTO2000 Manyar Gresik,"Jl. Raya Manyarejo KM 24 RT 01, RW 01 Manyar, Gresik",(031) 99102000,(031) 99006570,Gresik,JAWA TIMUR,Available,Not Available,Available
Arina Parama Jaya,Jl. Raya Veteran Km. 1 Gresik 61101,(031) 3979999 (Hunting),(031) 3978888,Gresik,JAWA TIMUR,Available,Not Available,Not Available
Anzon Toyota Sampit,"Jl. Jend. Sudirman Km. 1, Sampit",(0531) 30666,(0531) 32872,Sampit,KALIMANTAN TENGAH,Available,Not Available,Not Available
AUTO2000 Ahmad Yani Banjarmasin,"Jl. Ahmad Yani Km 19, Banjarbaru, Kalimantan Selatan",(0511) 3202000,(0511) 3201303,Banjarbaru,KALIMANTAN SELATAN,Available,Not Available,Available
Wira Megah Banjarbaru,"Jl. A. Yani KM 32, RT 001 / Rw. 002.Kel. Loktabat Selatan, Kec. Banjarbaru Selatan, Banjarbaru 70712",(0511 ) 4786000,(0511) 4788200,Banjarbaru,KALIMANTAN SELATAN,Available,Not Available,Not Available
Wira Megah Palangkaraya,"Jl. Tjilik Riwut km 5 No. 8, Palangkaraya 73112",(0536) 3232000 (Hunting),(0536) 3233000,Palangkaraya,KALIMANTAN TENGAH,Available,Not Available,Not Available
Auto2000 Palangkaraya,,,,Palangkaraya,KALIMANTAN TENGAH,Not Available,Not Available,Available
Sinar Suri Manokwari,"Jl. Esau Sesa No. 1, Monokwari, Papua Barat 98312",(0986) 212369,(0986) 212432,Manokwari,PAPUA BARAT,Available,Not Available,Not Available
AUTO2000 Tabanan,"Jl. Achmad Yani No. 99 Abian Tuwung, Kediri, Tabanan",(0361) 9332000,(0361) 8941904,Tabanan,BALI,Available,Not Available,Available
Agung Toyota Tabanan,"Jl. Pahlawan No. 13, Tabanan",(0361) 811492/810888,(0361) 812528,Tabanan,BALI,Available,Not Available,Not Available
Agung Toyota Tabanan BP,Jl. Ahmad Yani No 4A Abian Tuwung Tabanan Bali,(0361) 8942020,(0361) 8941827,Tabanan,BALI,Not Available,Not Available,Not Available
Agung Toyota Pangkalan Kerinci,"Jl. Mahendra Indra Lintas Timur,  No 13 Pangkalan Kerinci - Pelalawan Riau",(0761) 493020,(0761) 4946687,Pangkalan Kerinci,RIAU,Available,Not Available,Not Available
Nasmoco Brebes,"Jl. Raya Klampok, Kec. Wanasari, Kab. Brebes",(0283) 6172300,(0283) 6172301,Brebes,JAWA TENGAH,Not Available,Not Available,Available
AUTO2000 Probolinggo,Jl. Panglima Sudirman No. 258 Jawa Timur,(0335) 422000,(0335) 422358,Probolinggo,JAWA TIMUR,Available,Not Available,Available
AUTO2000 Bontang,"Jl. Brigjen Katamso No. 31, Bontang",(0548) 22000,(0548) 26657,Bontang,KALIMANTAN TIMUR,Available,Not Available,Available
AUTO2000 Way Halim,"Jl. Soekarno Hatta KM. 10, Kecamatan Way Halim, Bandar Lampung, Lampung 35135",(0721) 56212000,(0721) 5617771,Bandar Lampung,LAMPUNG,Available,Not Available,Available
Tunas Auto Graha Prabumulih,Jl. Jendral Sudirman No. 8 Km 12 - Kec. Cambai Kota Prabumulih,(0713) 320799,(0713) 320799,Prabumulih,SUMATERA SELATAN,Available,Not Available,Not Available
Surya Indah Motor Jepara,"Jl. Jend. Hugeng Imam santoso KM.9, Jepara",(0291) 7519007,(0291) 7519010,Jepara,JAWA TENGAH,Available,Not Available,Not Available
AUTO2000 Denpasar,"Jl. HOS Cokroaminoto 81, Ubung, Denpasar 80116,",(0361) 422000 (Hunting),(0361) 4201333,Denpasar,BALI,Available,Not Available,Available
AUTO2000 Sanur,"Jl. Bypass I Gusti Ngurah Rai No. 395, Denpasar 8022,",(0361) 282000 (Hunting),(0361) 271234,Denpasar,BALI,Available,Not Available,Available
Agung Toyota Denpasar,"Jl. HOS Cokroaminoto 47, Ubung, Denpasar 80116",(0361) 425547 (Hunting),(0361) 420151,Denpasar,BALI,Available,Not Available,Not Available
Agung Toyota Kuta,"Jl. Sunset Road, Seminyak, Kuta",(0361) 9220099,(0361) 9220088,Denpasar,BALI,Available,Available,Not Available
AUTO2000 Singaraja,"Jl. Raya Singaraja Seririt, Bk. Dinas Dharma Raya, Desa Tukadmungga, Kec. Buleleng, Kab. Buleleng",(0362) 32000,(0362) 3391550,Singaraja,BALI,Available,Not Available,Available
Agung Toyota Singaraja,"Jl. WR Supratman No. 100, Singaraja",(0362) 29251,(0362) 24846,Singaraja,BALI,Available,Not Available,Not Available
AUTO2000 Gianyar,Jl. Semabaung No 89 Gianyar,(0361) 952000,(0361) 952552,Gianyar,BALI,Available,Not Available,Available
Agung Toyota Gianyar,"Jl. Dharma Giri, Buruan, blah batuh, Gianyar 80581",(0361) 948888,(0361) 955000,Gianyar,BALI,Available,Not Available,Not Available
Agung Toyota Bagan Batu,"Jl. Lintas Riau Sumatera Utara, Simpang Pujud Km. 7 Bagan Batu Riau",(0765) 5650000,(0765) 5650111,Bagan Batu,RIAU,Available,Not Available,Not Available
AUTO2000 Banyuwangi,Jl. S. Parman 28 Banyuwangi,(0333) 422000,(0333) 424953,Banyuwangi,JAWA TIMUR,Available,Available,Available
AUTO2000 Bukit Tinggi,"Jl. Raya Bukit Tinggi Km. 4, Sumatera Barat",(0752) 32000,(0752) 32804,Bukit Tinggi,SUMATERA BARAT,Available,Not Available,Available
Hasjrat Toyota Bitung,"Jl. Wolter Monginsidi, kel. Girian Weru Dua Kec. Girian - Kota Bitung, Sulawesi Utara",(0438) 36388,(0438) 21097,Bitung,SULAWESI UTARA,Available,Not Available,Not Available
AUTO2000 Jatiwangi Majalengka,"Jl. Jatiwangi - Majalengka, Kompleks Jatiwangi Square Blok C - 6 s/d 8, Desa",(0233) 882000,(0233) 8281081,Majalengka,JAWA BARAT,Available,Not Available,Available
Agung Toyota Dumai,"Jl. Sultan Hasanudin/ Kelakap 7, Putri Sima , Dumai, Riau","(0765) 439330, 37900, 33900",(0765) 37700,Dumai,RIAU,Available,Not Available,Not Available
AUTO2000 KOTABUMI,Jl. Alamsyah Ratu Perwira Negara Kel. Kelapa Tujuh Kec. Kotabumi Selatan Kab. Lampung Utara,(0742) 3290900,(0742) 32909001,Lampung Utara,LAMPUNG,Available,Not Available,Available
AUTO2000 Pandeglang,"Jl. Raya Labuan Km. 5, Kaduhejo, Kabupaten Pandeglang, Banten, 42253",(0253) 5552000,(0253) 5552497,Pandeglang,BANTEN,Available,Not Available,Available
Kalla Toyota Gowa,"Jl. Poros Gowa - Takalar Desa Panyangkalang, Kec. Bajeng, Kab. Gowa","(0418) 2311766, 2312606",,Gowa,SULAWESI SELATAN,Available,Not Available,Available
AUTO2000 Kuningan,"Jl. RE Martadinata, Cidemak, Desa Kertawangun, Kec. Garawangi, Kab. Kuningan",(0232) 8612000,(0232) 8911475,Kuningan,JAWA BARAT,Available,Not Available,Available
Nasmoco Pati,Jl. Raya Pati - Juwana KM 2.7 - Pati 591118,0295-4199111,0295-4199100,Pati,JAWA TENGAH,Available,Not Available,Available
Nasmoco Purbalingga,"Jl. Soekarno Hatta, Desa Kalikabong, Kel. Kalikabong, Kec. Kalimanah, Kab. Purbalingga",0281-8901888,0281-8901777,Purbalingga,JAWA TENGAH,Not Available,Not Available,Available
Nasmoco Demak,Jl. Raya Demak-Kudus Km 4 RT.007/ RW.004 Bango Kec. Demak,0291-6912888,0291-6912999,Demak,JAWA TENGAH,Available,Not Available,Available
AUTO2000 Tulungagung,"Jl. Pahlawan, Kel. Rejoagung, Kec. Kedungwaru, Kab. Tulungagung",(0355) 332000,(0355) 7622118,Tulungagung,JAWA TIMUR,Available,Not Available,Available
AUTO2000 Pasuruan,"Jl. Ahmad Yani No. 226, Karangketug, Gadingrejo, Pasuruan, Jawa Timur 67135",(0343) 412000,(0343) 5612328,Pasuruan,JAWA TIMUR,Available,Not Available,Available
AUTO2000 Jombang,"Jl. Soekarno Hatta, Desa Kepuh Kembang, Kecamatan Peterongan, Kab. Jombang",(0321) 8492000,(0321) 8495193,Jombang,JAWA TIMUR,Available,Not Available,Available
AUTO2000 Tanjung Morawa,"Jl. Medan – Lubuk Pakam km 24,5 Dusun III, Desa Perdamean, Kec. Tanjung Morawa, Kab. Deli Serdang, Sumatera Utara",(061) 25802000,(061) 79759758,Deli Serdang,SUMATERA UTARA,Available,Not Available,Available
AUTO2000 Sekayu,"Jl. Kolonel Wahid Udin Lk II, RT.5 RW.3 Kel. Kayuara, Kec. Sekayu, Kab. Musi Banyuasin, Sumatera Selatan, 30711",(0714) 3242000,(0714) 3241000,Musi Banyuasin,SUMATERA SELATAN,Available,Not Available,Available
AUTO2000 Rantauprapat,"Jl. Sisingamangaraja Rantauprapat, Kec. Rantau Selatan, Kab. Labuhan Batu",(062) 42602000,(062) 42602001,Labuhan Batu,SUMATERA UTARA,Available,Not Available,Available
AUTO2000 Kisaran,"Jl. M. Yamin Kecamatan Kisaran Naga, Kota Kisaran Timur, Kab. Asahan",(062) 33442000,(062) 33442927,Asahan,SUMATERA UTARA,Available,Not Available,Available
AUTO2000 Baturaja,"Jl. Garuda Tanjung Baru, Kec. Baturaja Timur, Kab. Ogan Komering Ulu",(0735) 3742000,(0735) 3742121,Ogan Komering Ulu (OKU),SUMATERA SELATAN,Available,Not Available,Available
AUTO2000 Kalianda,"Jl. Trans Sumatera LK. 10, RT.001 RW.003, Kel. Way Urang, Kec. Kalianda, Kabupaten Lampung Selatan, Provinsi Lampung, 35513",(0727) 3330200,(0727) 3330201,Lampung Selatan,LAMPUNG,Available,Not Available,Available
AUTO2000 Cikupa,Jl. Raya Serang KM.16 No.54-55 Cikupa Tangerang 15710,(021) 29862000,(021) 29669970,Cikupa,BANTEN,Available,Not Available,Available
Nasmoco Klaten,"Jl. Raya Solo-Klaten Km.4 Klaten Utara, Klaten",0272-3359595,(0272) 3359590,Klaten,JAWA TENGAH,Available,Not Available,Available
AUTO2000 Tulang Bawang,Jl. Lintas Timur Agung Dalam RT.05 RW.03 Kec. Banjar Margo Kabupaten Tulang Bawang - Lampung,(0726) 7752000 (Hunting),(0726) 7758183,Tulang Bawang,LAMPUNG,Available,Not Available,Available
Dunia Barusa Meulaboh,"Jl. Meulaboh - Tapaktuan No. 8 Desa Langung Kec. Meureubo,Meulaboh",0655-7552688,(0655) 7552677,Aceh Barat,ACEH,Available,Not Available,Not Available
Hasjrat Toyota Timika,Jl. Cendrawasih No.10-Timika-98663,(0901) 321679,(0901) 323477,Timika,PAPUA,Available,Not Available,Not Available
Agung Toyota Teluk Kuantan,"Jl. Proklamasi No. 13 Kel. Sungai Jering, Kec Kuantan Tengah, Teluk Kuantan - Riau","(0760) 2524050, 2524051, 2524000",(0760) 2524048,Teluk Kuantan,RIAU,Available,Not Available,Not Available
AUTO2000 Tenggarong,"Jl. Pesut, Desa Timbau, Kec. Tenggarong, Kab. Kutai Kartanegara, Kalimantan Timur",(0541) 662000,(0541) 6720033,Kutai Kertanegara,KALIMANTAN TIMUR,Available,Not Available,Available
Graha Toyota Kutaikartanegara,"Jl. Manunggal Jaya L2 Tenggarong seberang, Kab.Kutai Kartanegara, Kalimantan Timur","(0541) 735155, 732184",,Kutai Kertanegara,KALIMANTAN TIMUR,Not Available,Not Available,Available
AUTO2000 Sangatta,"Jl. A.W. Syahranie RT.04/ RW.01, Kelurahan Teluk Lingga, Kec. Sangatta Utara, Kab. Kutai Timur, Kalimantan Timur",(0549) 2022000,(0549) 2024004,Kutai Timur,KALIMANTAN TIMUR,Available,Not Available,Available
Agung Toyota Ujung Batu,"Jalan Jendral Sudirman KM 2 Ujung Batu, Riau",(0762) 62525,(0762) 62224,Ujung Batu,RIAU,Available,Not Available,Not Available
Anzon Toyota Sintang,Jl. Sintang - Pontianak Km. 10 Kab. Sintang 78611,(0565) 24222 (Hunting),(0565) 24555,Sintang,KALIMANTAN BARAT,Available,Not Available,Not Available
Kalla Toyota Polmas,"Jl. Teuku Umar No. 3, Kec. Binuang Polewali Mandar","(0428) 2410777, 2410779",(0428) 2410778,Polman,SULAWESI BARAT,Available,Not Available,Available
AUTO2000 Binjai,"Jl. Medan Binjai Km. 16,7 Desa Sei Semayang, Kecamatan Sunggal, Deliserdang 20351",(061) 42362000,(061) 88740076,Binjai,SUMATERA UTARA,Available,Not Available,Available
Agung Toyota Muara Bungo,"Jl. Lintas Sumatra Km. 2, Muara Bungo - Jambi",(0747) 321345,(0747) 321454,Muara Bungo,JAMBI,Available,Not Available,Not Available
Tunas Toyota Bandar Jaya Lampung,"jalan Raya Negara Kel. Seputih Jaya RT 04/02 Kec. Gunung Sugih, Lampung Tengah",(0725) 528555,(0725) 528777,Lampung,LAMPUNG,Available,Not Available,Available
Nasmoco Slamet Riyadi,"Jl. Slamet Riyadi 558, Solo 57144",(0271) 715355 (Hunting),(0271) 711185,Solo,JAWA TENGAH,Available,Not Available,Available
Nasmoco Solo Baru,"Jl. Raya Solo Permai Blok JA No. 1, Solo Baru, Solo 57552",(0271) 621000 (Hunting),(0271) 620188,Solo,JAWA TENGAH,Available,Not Available,Available
Nasmoco Ring Road,"Jl. Raya Ring Road Mojosongo - Sroyo, Karang Anyar, Solo",(0271) 8202303,(0271) 8202 302,Solo,JAWA TENGAH,Available,Not Available,Available
Nasmoco Purwokerto,"Jl. Gerilya Timur No.56, Purwokerto 53146","(0281) 634436 (Hunting), 634437",(0281) 640678,Purwokerto,JAWA TENGAH,Available,Not Available,Available
Nasmoco Karangjati,"Jl. Soekarno Hatta Km. 26, Karangjati, Bergas, Kabupaten Semarang",(0298) 5200020,(0298) 5200030,Karangjati,JAWA TENGAH,Available,Not Available,Available
AUTO2000 Raden Intan,"Jalan Raden Intan 61A, Tanjung Karang, Lampung",(0721) 252000,(0721) 264923,Tanjung Karang,LAMPUNG,Available,Available,Available
AUTO2000 Raja Basa,"Jl. Raya Hadji Mena no. 2000, Natar, Lampung Selatan 35362",(0721) 782000,"(0721) 708788, (0721) 789176",Tanjung Karang,LAMPUNG,Available,Not Available,Available
Krida Toyota Selong SP,"Jl. Selaparang No. 10, Lombok Timur, NTB 83611",(0376) 3502557,,Lombok Timur,NUSA TENGGARA BARAT,Not Available,Not Available,Available
Krida Toyota Praya,"Jl. Gajah Mada (komplek ruko depan STPDN), Leneng, Praya, Lombok Tengah, Nusa Tenggara Barat 83116",,,Lombok Tengah,NUSA TENGGARA BARAT,Not Available,Not Available,Available
Krida Toyota Bima,"Jl. Soekarno Hatta No.9, Monggonao, Mpunda, Bima, Nusa Tenggara Barat 84111",(0374) 6648896,,Bima,NUSA TENGGARA BARAT,Not Available,Not Available,Available
